"Name","Exp_Mass","Exp_Intensity","Exp_rel_abundance","Fragments","Ion.type","Ion.num","Ref_Mass","Variant","Mutation","Delta.mass","ppm_error"
"b7HbS",776.430978,77406,5.60196965617862,"b7","b",7,776.4301,"HbS","Glu6Val",-29.9902,1.13081654091374
"b8HbS",904.52643,50649,3.66553188532919,"b8","b",8,904.5251,"HbS","Glu6Val",-29.9902,1.47038484620568
"b14HbS",1446.832553,272204,19.6997461216242,"b14","b",14,1446.8315,"HbS","Glu6Val",-29.9902,0.72779725901477
"b15HbS",1632.912698,209417,15.1557718973718,"b15","b",15,1632.9108,"HbS","Glu6Val",-29.9902,1.16234150694751
"b20HbS",2130.210973,144927,10.4885494194378,"b20","b",20,2130.207,"HbS","Glu6Val",-29.9902,1.86507696215187
"b21HbS",2245.236033,170465,12.3367666258493,"b21","b",21,2245.2339,"HbS","Glu6Val",-29.9902,0.950012379537817
"c7HbS",793.457517,174694,12.6428246791782,"c7","c",7,793.4567,"HbS","Glu6Val",-29.9902,1.02967181460226
"c8HbS",921.55291,567159,41.0460107514742,"c8","c",8,921.5516,"HbS","Glu6Val",-29.9902,1.42151562646029
"c9HbS",1008.58415,110570,8.00209008195321,"c9","c",9,1008.5837,"HbS","Glu6Val",-29.9902,0.446170208779626
"c11HbS",1178.693297,71230,5.15500476202883,"c11","c",11,1178.6892,"HbS","Glu6Val",-29.9902,3.47589508752738
"c12HbS",1279.741336,50570,3.65981455588653,"c12","c",12,1279.7369,"HbS","Glu6Val",-29.9902,3.46633749479404
"c15HbS",1649.939025,180061,13.0312412249849,"c15","c",15,1649.9374,"HbS","Glu6Val",-29.9902,0.984885850745797
